File name	UUID
BMMOCL0030201NL-Sturm und Drang_wm.tif	0AF4DAA6-9E8C-42DD-AECC-083920F34EE6
CAR02DOO161442240_wm.TIF	94A2317A-0811-480E-8C57-2C263BFFB39C
CAR04CRR08061520-Modern_wm.TIF	3D0AB71F-05B1-4878-B0E3-B43D8A7EF2CD
CAR05MRR12092376_ME_wm.TIF	EC2EFD87-672B-438A-94BB-F4485DA5BD83
CAR19CAA12239996-Bargemobile_wm.tif	C1670000-BC65-4F65-AB99-60E8585CBB03
CAR20BUU19230814- - Purple Whirl_wm.tif	E3F8D749-B115-409D-8537-56366E044C31
CAR20BUU19230814- Red Whirl_wm.tif	41A040C5-559F-4F40-A582-6E41D4993803
CAR20BUU19230814-Beryl_wm.tif	656075C9-2D13-4710-A442-0E3F30312E4B
CAR20BUU19230814-Gold Whirl_wm.tif	66834ABF-E2FE-4864-B49A-0C0EA8791E72
CAR20BUU19230814-Hub 'N Spoke - Blue Whirl_wm.tif	CC3C7D21-8D6C-4EF3-B4F2-2FEEB1680C28
CAR20BUU19230814-red-whirl_wm.tif	F2DB7C8C-0E3B-434F-B665-152186002596
CAR20BUU19230814-Sapphire_wm.tif	6CBE9BC1-3EB8-4FDB-AA74-88D5087531FC
CAR20BUU19230814-Turquoise_wm.tif	19FEA36A-89AF-41A6-A23F-5A0740DF4973
CAR22BUU1923081-blue-whirl_wm.tif	006A5DC8-8073-4F0F-9BE9-02F2C76CD974
CAR22BUU19230817- Rusted Whirl_wm.tif	DF355C95-44D6-4C58-9EEF-431500B0D2BC
CAR35STT12172229_wm.TIF	EB229634-FB5E-486D-8723-01C3A386A251
CAR40AUU09258068_wm.TIF	935F7602-B424-4137-B10B-76AFE5376A51
CAR50JGG161542278_wm.TIF	1085D9E2-E36B-4824-A11B-A9C758A1F32B
CAR53MSS090121487_wm.TIF	1E2B26AD-E623-4343-B5A7-78C93DAD9A89
CAR56FOO08079299_ME_wm.TIF	4503D8DA-5905-4A36-B6F0-5699501A1094
CAR59FEE08117658_wm.TIF	8D79400D-1AFC-46BA-A696-2F475F8B0036
COETCL0150142_wm.TIF	A8FFD67A-8A34-4A92-B50E-4C702F48EA08
CRINCL0120290-2_wm.TIF	2AA2B8E2-2F75-4DBC-A6A4-C7FFAE486443
DACACL0020255-2_wm.TIF	76D78EDC-4549-44EF-AC32-77F9CA922FB4
DOVICL0430779_wm.TIF	B6E94EF9-0569-436D-AF16-5E9EA3656E27
DTRTCL0070036_wm.TIF	565BAFA7-4808-48B2-B449-B21942816F87
FETFCL0101211NL_wm.TIF	67767A44-F661-4D22-82A1-113DCF74386E
FETRCL0100771_Heat_wm.tif	75918EDE-5361-4A1B-B9FA-311E9F8315A4
FRASCL0010125-degen-2_wm.tif	F875D7C2-F6E5-4C3C-82A9-CC05719D9557
FRASCL0010125-Grunge_wm.psd	DB1D759E-7623-40D1-AFC6-B9C866E62A08
HSHSCL0020394_wm.TIF	B4791E08-A876-4334-9003-D2AFFE29083D
IFTICL0140103_wm.TIF	6FA84B09-FA43-467B-82E9-0395F4B2EE66
JGSSCL0210372_wm.TIF	FD447A12-FF69-4DFF-97E5-B4CFC518A480
LIZECL0100001_wm.TIF	23ECCC02-2C38-4D95-A5CA-130EE96E6402
MRKLCL0080158_wm.tif	9DF733B1-0855-493A-A0D9-B7AE3E7B556C
PLBHCL0050036_wm.TIF	CD290DB8-B0AD-4EDC-BF0F-8EB68A8F763C
PLSDCL0080001-Electromagnetism_wm.tif	408B79A3-83EF-4A0B-889B-15D565AB8F81
PRRSCL0112497NL_wm.TIF	39AA8621-A1B6-421D-BDAE-568977B5FA55
RANJCL0010001_wm.TIF	8C53E617-BC40-4962-9AD1-B706188B0D1F
RRSGCL0090205-Lofty Ambition_wm.tif	5B98BEBE-5F1B-49E3-9AB2-A52C0E4EC82A
RTAZCL0010945_wm.TIF	D926C6C8-D873-4EED-8DEA-DC1D01AE8680
STCSCL0020028_wm.TIF	BB410E99-B40B-4267-B08A-2C86A368F520
TLGSCL0250069_wm.TIF	7B0737F3-F94C-4C04-BB60-B9077B844BE5